ward_id,zone,residential_buildings,households_2011,population_2011
001,1,4365,4644,18400
002,1,4694,4710,18217
003,1,2195,5625,21882
004,1,3222,5566,21184
005,1,3078,5400,21225
006,1,3780,5690,22193
007,1,5078,5284,20796
008,1,4240,4964,19342
009,1,4196,4808,18650
010,1,2616,5266,20261
011,1,3251,5237,20842
012,1,2817,5479,21367
013,1,4138,5551,21772
014,1,3666,4992,19932
015,2,2836,3142,12119
016,2,1598,2343,8974
017,2,1194,1320,5155
018,2,2114,3673,13621
019,2,5119,6886,27674
020,2,1923,2867,11071
021,2,1357,2791,10556
022,3,4318,3825,16163
023,3,4675,4074,15502
024,3,3777,3750,15307
025,3,4287,4307,17494
026,3,3368,3369,13944
027,3,4106,3337,12396
028,3,4327,4302,17729
029,3,4508,4485,17474
030,3,4567,4496,17415
031,3,4210,3770,15843
032,3,4551,4201,15528
033,3,4185,4164,16658
034,4,16538,17264,47339
035,4,20839,20179,49905
036,4,13026,13080,53109
037,4,12221,12337,50905
038,4,9898,11894,43583
039,4,11148,12241,42577
040,4,10141,10593,39579
041,4,12175,12389,45011
042,4,12755,12587,46714
043,4,9223,8924,42330
044,4,12901,12901,52329
045,4,12981,12981,53989
046,4,12588,12312,51863
047,4,9905,10211,41478
048,4,10892,9662,36560
049,5,3097,10243,42899
050,5,3408,10650,44162
051,5,2192,9769,40564
052,5,2405,10250,40381
053,5,2335,9730,40922
054,5,3549,10425,48560
055,5,2751,11005,49245
056,5,2513,8977,39500
057,5,6113,8425,43555
058,5,6853,8674,40351
059,5,4052,7504,37207
060,5,3198,8415,41754
061,5,6077,6535,37988
062,5,3312,7704,36871
063,5,4163,7560,35478
064,6,11561,10728,41694
065,6,14211,11427,46979
066,6,9653,7038,35551
067,6,11498,11020,44406
068,6,10841,10576,39621
069,6,10458,9843,39058
070,6,12297,11476,47064
071,6,10311,9479,46279
072,6,11222,11221,46466
073,6,9983,9729,46079
074,6,10541,10308,38326
075,6,11883,11227,46068
076,6,11918,11063,49921
077,6,10087,10087,45728
078,6,8201,7228,34995
079,7,6194,6753,32634
080,7,8489,9258,32992
081,7,7291,8296,33541
082,7,7837,8315,33562
083,7,7828,8223,32804
084,7,7711,8566,32909
085,7,7626,8031,31683
086,7,6600,8282,30235
087,7,6455,7181,27681
088,7,7747,7968,28809
089,7,6841,6906,26694
090,7,7772,8219,28579
091,7,8391,8572,30724
092,7,7931,8511,30493
093,7,8772,9405,32865
094,8,11085,11032,43907
095,8,11901,11867,46608
096,8,11466,10955,45775
097,8,11278,10915,45576
098,8,10148,9527,46409
099,8,10438,10501,42305
100,8,10787,12254,43882
101,8,12286,13266,41115
102,8,9658,14289,42422
103,8,10135,11010,45835
104,8,9115,8802,40690
105,8,10609,10548,47338
106,8,12661,12752,46112
107,8,14508,12070,46298
108,8,9037,10955,39793
109,9,3080,12071,48143
110,9,4731,9459,37110
111,9,2352,8788,35188
112,9,5303,10605,40803
113,9,5329,6863,36329
114,9,6772,7830,40795
115,9,6905,9933,43927
116,9,9248,9793,40519
117,9,4675,9662,39100
118,9,5801,8290,35611
119,9,2462,9156,38755
120,9,4163,7988,38962
121,9,4955,9726,40027
122,9,4834,9861,39330
123,9,5572,13306,46542
124,9,4642,10170,43622
125,9,4901,9858,42047
126,9,5523,11089,43585
127,10,8393,12243,55837
128,10,9354,12882,61662
129,10,17518,20753,46626
130,10,7357,10368,43101
131,10,8610,8520,40653
132,10,4420,9545,37902
133,10,4539,9305,37338
134,10,4962,9820,34295
135,10,5733,9838,40405
136,10,5159,4155,49072
137,10,6418,12537,49358
138,10,6198,12767,48239
139,10,3780,11366,47609
140,10,4703,6823,49630
141,10,3957,8383,42142
142,10,5044,11265,50887
143,11,6640,6640,25859
144,11,6210,6210,25597
145,11,6715,6715,25031
146,11,6957,6957,27093
147,11,3534,3534,25984
148,11,6492,6492,26546
149,11,6317,6317,25763
150,11,6449,6449,25011
151,11,6175,6175,25093
152,11,7178,7178,25677
153,11,6855,6855,26762
154,11,6112,6112,25251
155,11,6639,6639,26030
156,12,3970,4675,20003
157,12,4706,5313,18458
158,12,3071,2972,11239
159,12,1031,1020,4286
160,12,4676,5837,18091
161,12,5022,6708,19183
162,12,6364,7122,22187
163,12,5280,6298,20553
164,12,4614,6050,20128
165,12,5295,5934,20411
166,12,5718,6324,21845
167,12,5629,6803,22032
168,13,9796,10868,44859
169,13,9224,10043,44214
170,13,7300,7962,44257
171,13,8713,9283,37737
172,13,9383,10597,48061
173,13,9410,11495,40631
174,13,7175,8353,36776
175,13,8489,9359,48959
176,13,9734,10718,44360
177,13,11143,12413,43792
178,13,10538,11102,39952
179,13,9905,10504,37765
180,13,10788,11750,41210
181,14,5353,4987,19027
182,14,8012,5417,21451
183,14,6135,5555,21902
184,14,8947,7205,27714
185,14,3031,7944,25301
186,14,5661,7859,25212
187,14,6224,5542,20885
188,14,7716,5429,23896
189,14,4116,4406,18551
190,14,4421,3849,19027
191,14,2844,4635,18795
192,15,4952,6354,23187
193,15,2585,4422,16151
194,15,4017,5210,20994
195,15,3393,4394,16350
196,15,12458,12535,40923
197,15,4665,5810,19897
198,15,4404,5553,20675
199,15,2362,2827,12323
200,15,5631,5663,26106
